TIME_1,RE_1,LE_1,TIME_2,RE_2,LE_2,RE_1_processed,LE_1_processed,RE_2_processed,LE_2_processed
2022-09-21 14:24:43.0000,0.0,0.0,2022-09-21 14:27:04.0000,0.0,0.0,0.7920212024643727,1.1020350085339032,1.1011167917308418,0.8931345651046306
2022-09-21 14:24:43.0006,0.0,-0.1,2022-09-21 14:27:04.0006,-0.4,-0.8,0.8211154198854966,1.0853210644585967,1.0342467195852687,0.8625896790155935
2022-09-21 14:24:43.0012,-0.3,-0.2,2022-09-21 14:27:04.0012,-1.0,-0.8,0.8498601198529367,1.068093166113291,0.9686721703261646,0.8331453450422159
2022-09-21 14:24:43.0018,-0.2,-0.1,2022-09-21 14:27:04.0018,-1.4,-0.4,0.8776892023554678,1.050170955830582,0.9053546627555307,0.8051162104019498
2022-09-21 14:24:43.0024,-0.1,0.0,2022-09-21 14:27:04.0024,-1.4,0.0,0.9040507287823214,1.031414508233906,0.8451832563948104,0.7787558627755806
2022-09-21 14:24:43.0030,0.0,0.0,2022-09-21 14:27:04.0030,-1.2,0.2,0.928417671108792,1.0117366208943186,0.788946118503684,0.7542475517100494
2022-09-21 14:24:43.0035,0.3,0.0,2022-09-21 14:27:04.0035,-1.1,0.3,0.9502990519011323,0.991112938745566,0.7373075986092322,0.7316969324203377
2022-09-21 14:24:43.0041,0.5,0.0,2022-09-21 14:27:04.0041,-0.9,0.1,0.969251231910696,0.9695892543412312,0.690791581000104,0.7111267811077187
2022-09-21 14:24:43.0047,0.6,0.0,2022-09-21 14:27:04.0047,-0.8,-0.2,0.9848888860457133,0.9472853979332325,0.649771206835649,0.6924736868828594
2022-09-21 14:24:43.0053,0.7,0.0,2022-09-21 14:27:04.0053,-0.6,-0.8,0.9968950533154397,0.9243952585697719,0.61446450068555,0.6755869643561425
2022-09-21 14:24:43.0059,0.7,0.0,2022-09-21 14:27:04.0059,-0.6,-1.3,1.0050295792850243,0.9011826484799366,0.584935064797638,0.6602303271961409
2022-09-21 14:24:43.0065,0.8,-0.1,2022-09-21 14:27:04.0065,-0.6,-1.3,1.009135290562082,0.8779729304808888,0.5610968314027618,0.6460870621265812
2022-09-21 14:24:43.0071,0.9,-0.2,2022-09-21 14:27:04.0071,-0.7,-1.2,1.0091413299975796,0.8551405678416937,0.542721872620574,0.6327694125147928
2022-09-21 14:24:43.0077,1.1,-0.3,2022-09-21 14:27:04.0077,-0.8,-0.8,1.005063217801559,0.833093019320638,0.5294504211135678,0.6198325663221349
2022-09-21 14:24:43.0083,1.1,-0.4,2022-09-21 14:27:04.0083,-0.8,-0.2,0.9969993818731925,0.8122516712836461,0.5208024977770727,0.6067931048383058
2022-09-21 14:24:43.0089,0.9,-0.8,2022-09-21 14:27:04.0089,-1.0,-0.1,0.9851241305859735,0.7930307503131658,0.5161908176040527,0.5931511618015249
2022-09-21 14:24:43.0094,0.3,-1.1,2022-09-21 14:27:04.0094,-1.5,-0.2,0.9696773311553628,0.775815367467593,0.5149349046241789,0.5784150481458229
2022-09-21 14:24:43.0100,0.0,-1.2,2022-09-21 14:27:04.0100,-1.6,-0.2,0.9509513829122562,0.760939975383465,0.5162765518286452,0.5621268405357099
2022-09-21 14:24:43.0106,0.0,-1.1,2022-09-21 14:27:04.0106,-1.6,-0.3,0.9292763671130418,0.7486685282733357,0.5193968623172583,0.5438874287658412
2022-09-21 14:24:43.0112,0.0,-1.0,2022-09-21 14:27:04.0112,-1.4,-0.6,0.9050044248555764,0.7391774935757912,0.5234350494230628,0.5233796892001676
2022-09-21 14:24:43.0118,-0.1,-0.9,2022-09-21 14:27:04.0118,-1.2,-0.8,0.878494415175912,0.73254259189239,0.5275089417839667,0.5003886895719539
2022-09-21 14:24:43.0124,-0.1,-0.8,2022-09-21 14:27:04.0124,-0.9,-0.7,0.8500977627290928,0.7287298069270468,0.5307367916830765,0.47481804720309256
2022-09-21 14:24:43.0130,-0.2,-0.8,2022-09-21 14:27:04.0130,-0.7,-0.5,0.8201461864389337,0.7275908869988048,0.5322596277054629,0.44670170410975946
2022-09-21 14:24:43.0136,0.0,-0.7,2022-09-21 14:27:04.0136,-0.5,-0.3,0.7889417628371522,0.7288633032674835,0.5312631292862627,0.4162104379325741
2022-09-21 14:24:43.0142,0.0,-0.6,2022-09-21 14:27:04.0142,-0.5,-0.2,0.7567495476208235,0.732174449857326,0.5269978987295344,0.38365244533013104
2022-09-21 14:24:43.0148,0.0,-0.6,2022-09-21 14:27:04.0148,-0.6,-0.1,0.7237927742018879,0.7370497599452962,0.5187970896587645,0.349467403472034
2022-09-21 14:24:43.0153,0.0,-0.6,2022-09-21 14:27:04.0153,-0.7,-0.3,0.6902504916855349,0.7429243592594298,0.5060906010678435,0.31421361331563175
2022-09-21 14:24:43.0159,0.0,-0.7,2022-09-21 14:27:04.0159,-0.9,-0.4,0.6562574162085231,0.7491578759183581,0.48841540904543534,0.27854818155873345
2022-09-21 14:24:43.0165,-0.1,-0.6,2022-09-21 14:27:04.0165,-0.9,-0.4,0.6219057522754353,0.7550520592229621,0.46542201173805575,0.2432006780447525
2022-09-21 14:24:43.0171,-0.3,-0.9,2022-09-21 14:27:04.0171,-1.2,-0.8,0.5872487837267133,0.7598709064768185,0.4368773423179319,0.20894125246730197
2022-09-21 14:24:43.0177,-0.8,-1.1,2022-09-21 14:27:04.0177,-1.7,-1.5,0.552306118215263,0.7628630291563584,0.4026648181580588,0.17654474569293008
2022-09-21 14:24:43.0183,-1.0,-1.0,2022-09-21 14:27:04.0183,-2.0,-1.9,0.5170705624847146,0.763285979858483,0.3627824149003726,0.14675282479788676
2022-09-21 14:24:43.0189,-1.1,-0.9,2022-09-21 14:27:04.0189,-2.1,-2.1,0.48151665693341666,0.7604321794378668,0.3173397440091925,0.12023652416122349
2022-09-21 14:24:43.0195,-1.1,-0.8,2022-09-21 14:27:04.0195,-1.8,-2.2,0.44561085157413005,0.7536559132534757,0.2665550238717669,0.09756168818806012
2022-09-21 14:24:43.0201,-0.8,-0.7,2022-09-21 14:27:04.0201,-1.6,-2.1,0.40932313793332437,0.7424006292781626,0.21075255533786774,0.0791596247532427
2022-09-21 14:24:43.0207,-0.8,-0.7,2022-09-21 14:27:04.0207,-1.6,-1.8,0.37263969415470866,0.7262255267691902,0.15036091174696112,0.06530482132396523
2022-09-21 14:24:43.0212,-0.6,-0.5,2022-09-21 14:27:04.0212,-1.9,-1.5,0.33557582738413555,0.7048302285740816,0.08591166148708067,0.05610095227844689
2022-09-21 14:24:43.0218,-0.6,-0.4,2022-09-21 14:27:04.0218,-2.1,-1.4,0.29818828782742757,0.678076213130294,0.018038168399314665,0.05147574799942784
2022-09-21 14:24:43.0224,-0.5,-0.2,2022-09-21 14:27:04.0224,-2.1,-1.5,0.2605859356817841,0.6460036565891011,-0.05252611689903932,0.0511847225226912
2022-09-21 14:24:43.0230,-0.5,-0.2,2022-09-21 14:27:04.0230,-2.1,-1.6,0.22293778277889953,0.608842416202871,-0.12495051195230658,0.05482333748711089
2022-09-21 14:24:43.0236,-0.6,-0.3,2022-09-21 14:27:04.0236,-2.1,-1.7,0.1854775979661886,0.5670160935516178,-0.19831177337561412,0.06184691253378718
2022-09-21 14:24:43.0242,-0.8,-0.5,2022-09-21 14:27:04.0242,-2.1,-1.5,0.14850454037805746,0.5211384599802038,-0.27160127886096735,0.071597409643053
2022-09-21 14:24:43.0248,-1.0,-0.7,2022-09-21 14:27:04.0248,-1.9,-1.4,0.11237964030096752,0.47200198719571507,-0.34373539599045866,0.0833360430946674
2022-09-21 14:24:43.0254,-1.3,-1.1,2022-09-21 14:27:04.0254,-2.0,-1.3,0.07751834350857283,0.4205587523679691,-0.41356960257805764,0.09628046137728578
2022-09-21 14:24:43.0260,-1.9,-1.6,2022-09-21 14:27:04.0260,-2.4,-1.3,0.044379721243683425,0.36789451165537557,-0.47991668830263,0.10964503018624887
2022-09-21 14:24:43.0266,-2.1,-1.9,2022-09-21 14:27:04.0266,-2.8,-1.3,0.013453268777369139,0.3151971889838553,-0.5415690016516529,0.12268255607184027
2022-09-21 14:24:43.0272,-2.1,-2.0,2022-09-21 14:27:04.0272,-3.2,-1.1,-0.014755585770494288,0.2637213422157896,-0.5973242500116973,0.13472564917554158
2022-09-21 14:24:43.0277,-2.1,-1.9,2022-09-21 14:27:04.0277,-3.4,-0.9,-0.039740107003992504,0.2147502987324281,-0.6460139096328945,0.1452258249646472
2022-09-21 14:24:43.0283,-2.1,-2.0,2022-09-21 14:27:04.0283,-3.3,-0.6,-0.06100598973372502,0.16955759570642517,-0.6865329670182548,0.15378838253721494
2022-09-21 14:24:43.0289,-2.1,-2.1,2022-09-21 14:27:04.0289,-3.5,-0.4,-0.07808343452646739,0.12936917400222997,-0.7178695568368482,0.16020109105552227
2022-09-21 14:24:43.0295,-2.1,-2.0,2022-09-21 14:27:04.0295,-3.7,0.0,-0.0905370804405416,0.09532754166319811,-0.739133070354669,0.16445481271494872
2022-09-21 14:24:43.0301,-2.1,-2.1,2022-09-21 14:27:04.0301,-3.7,0.0,-0.09797360090530681,0.06845890331205351,-0.749579424866505,0.16675444135811962
2022-09-21 14:24:43.0307,-1.9,-2.1,2022-09-21 14:27:04.0307,-3.7,-0.1,-0.10004703085903445,0.04964406655154186,-0.7486323636263147,0.16751897418079428
2022-09-21 14:24:43.0313,-1.7,-2.1,2022-09-21 14:27:04.0313,-3.6,-0.3,-0.09646212708780362,0.03959378624438973,-0.735899886970176,0.16737016025215803
2022-09-21 14:24:43.0319,-1.4,-2.2,2022-09-21 14:27:04.0319,-3.5,-0.9,-0.08697625988383367,0.03882908835073866,-0.7111851962641587,0.16710993537811328
2022-09-21 14:24:43.0325,-1.3,-2.1,2022-09-21 14:27:04.0325,-3.3,-1.0,-0.07140046760499694,0.047667018299704274,-0.6744918412325376,0.16768765873244745
2022-09-21 14:24:43.0331,-1.1,-2.1,2022-09-21 14:27:04.0331,-3.1,-1.0,-0.049600342290790474,0.06621217191225182,-0.6260230620089168,0.17015888776538157
2022-09-21 14:24:43.0336,-1.1,-2.2,2022-09-21 14:27:04.0336,-3.0,-1.2,-0.021497330274880582,0.09435427835941193,-0.5661755761271077,0.17563796249551009
2022-09-21 14:24:43.0342,-1.3,-2.3,2022-09-21 14:27:04.0342,-3.0,-1.6,0.012929170562987539,0.13177200655571147,-0.4955282549256982,0.18524698254001282
2022-09-21 14:24:43.0348,-1.4,-2.3,2022-09-21 14:27:04.0348,-2.9,-1.8,0.05363882280720679,0.17794304615136758,-0.41482625952022234,0.20006387278186655
2022-09-21 14:24:43.0354,-1.5,-2.1,2022-09-21 14:27:04.0354,-2.8,-1.8,0.10052669162520964,0.2321603470468733,-0.3249612860390795,0.221072170015569
2022-09-21 14:24:43.0360,-1.5,-1.9,2022-09-21 14:27:04.0360,-2.3,-1.6,0.15341941025101102,0.2935541615165111,-0.22694864343601184,0.24911491342968833
2022-09-21 14:24:43.0366,-1.4,-1.5,2022-09-21 14:27:04.0366,-2.0,-1.2,0.21207183342627559,0.3611192207365566,-0.12190198278540805,0.28485457943657494
2022-09-21 14:24:43.0372,-1.3,-1.2,2022-09-21 14:27:04.0372,-1.8,-0.7,0.2761648880581634,0.433746031387077,-0.011006601812978767,0.3287404161344799
2022-09-21 14:24:43.0378,-1.2,-1.0,2022-09-21 14:27:04.0378,-1.6,-0.5,0.34530525776100096,0.5102549603962985,0.10450768551538459,0.3809839156683215
2022-09-21 14:24:43.0384,-1.1,-0.7,2022-09-21 14:27:04.0384,-1.5,-0.4,0.41902737651008476,0.5894315447632692,0.2233931391817629,0.4415426410887018
2022-09-21 14:24:43.0390,-0.7,-0.3,2022-09-21 14:27:04.0390,-1.3,-0.1,0.49679798496163774,0.6700613504115479,0.3444092619168339,0.510112284338027
2022-09-21 14:24:43.0395,-0.3,0.0,2022-09-21 14:27:04.0395,-0.9,0.0,0.5780232430370492,0.7509627134779602,0.46634579937221987,0.5861266865802928
2022-09-21 14:24:43.0401,0.0,0.2,2022-09-21 14:27:04.0401,-0.7,0.0,0.6620581195212119,0.8310158254352329,0.5880429583043869,0.6687655555659376
2022-09-21 14:24:43.0407,0.3,0.3,2022-09-21 14:27:04.0407,-0.5,-0.3,0.7482175337048628,0.9091868723188722,0.7084083529094333,0.7569697043822481
2022-09-21 14:24:43.0413,0.8,0.6,2022-09-21 14:27:04.0413,-0.2,-0.4,0.8357885507844546,0.9845463061199788,0.8264303201288444,0.8494637477849147
2022-09-21 14:24:43.0419,1.1,0.4,2022-09-21 14:27:04.0419,0.0,-0.4,0.9240428615688714,1.0562807905735025,0.9411874024009228,0.944786246235217
2022-09-21 14:24:43.0425,1.1,0.1,2022-09-21 14:27:04.0425,0.0,-0.5,1.0122488178591016,1.1236988828288115,1.0518539845484252,1.041327191435455
2022-09-21 14:24:43.0431,1.1,0.0,2022-09-21 14:27:04.0431,0.1,0.0,1.0996824442922526,1.1862310321342953,1.1577022796234409,1.137372414784472
2022-09-21 14:24:43.0437,1.2,0.0,2022-09-21 14:27:04.0437,0.2,0.8,1.1856370808936114,1.2434249233802832,1.2581010646977888,1.2311539685856054
2022-09-21 14:24:43.0443,1.2,-0.1,2022-09-21 14:27:04.0443,0.4,1.7,1.269431572041516,1.2949374868720736,1.3525117382192033,1.3209048516345305
2022-09-21 14:24:43.0449,1.3,0.0,2022-09-21 14:27:04.0449,0.5,2.1,1.3504171385105832,1.3405249885840473,1.4404823748045035,1.4049157741979006
2022-09-21 14:24:43.0455,1.3,0.1,2022-09-21 14:27:04.0455,0.5,2.4,1.4279832026588908,1.3800325158232731,1.5216404837343458,1.481591173941476
2022-09-21 14:24:43.0460,1.6,0.2,2022-09-21 14:27:04.0460,0.6,2.4,1.5015624679031176,1.413383927073405,1.5956851472783946,1.549501555090357
2022-09-21 14:24:43.0466,1.7,0.4,2022-09-21 14:27:04.0466,0.6,2.2,1.5706354885093532,1.4405729961477427,1.6623791351043253,1.6074294565062655
2022-09-21 14:24:43.0472,2.1,0.6,2022-09-21 14:27:04.0472,0.8,2.2,1.6347348238763297,1.4616561022650123,1.7215414570553398,1.654406861571379
2022-09-21 14:24:43.0478,2.4,0.8,2022-09-21 14:27:04.0478,1.3,2.3,1.6934486864507368,1.4767464480403951,1.7730406220516484,1.6897424853205978
2022-09-21 14:24:43.0484,2.7,1.1,2022-09-21 14:27:04.0484,1.6,2.5,1.7464238092286162,1.4860094704531268,1.8167886327029674,1.7130379751468983
2022-09-21 14:24:43.0490,3.0,1.1,2022-09-21 14:27:04.0490,1.8,2.6,1.7933671255391401,1.4896588842790903,1.8527355202149371,1.7241925781303389
2022-09-21 14:24:43.0496,3.1,1.2,2022-09-21 14:27:04.0496,1.7,2.7,1.8340458109112443,1.4879526931603364,1.8808640950309967,1.7233962794594697
2022-09-21 14:24:43.0502,3.3,1.2,2022-09-21 14:27:04.0502,1.8,2.8,1.8682853066792335,1.4811885321896348,1.901184615704022,1.711111863916344
2022-09-21 14:24:43.0508,3.0,0.9,2022-09-21 14:27:04.0508,1.5,2.3,1.8959651259908517,1.4696978535089071,1.9137292563169173,1.6880468485007045
2022-09-21 14:24:43.0514,2.8,0.8,2022-09-21 14:27:04.0514,1.2,1.8,1.9170125085266447,1.453838694821715,1.9185465149824297,1.6551167905489477
2022-09-21 14:24:43.0519,2.8,0.7,2022-09-21 14:27:04.0519,1.3,1.2,1.9313942893051732,1.4339870263125358,1.9156959636247626,1.613402046720145
2022-09-21 14:24:43.0525,2.7,0.6,2022-09-21 14:27:04.0525,1.2,0.7,1.939107611527116,1.4105268976215508,1.9052439134868948,1.5641005384332327
2022-09-21 14:24:43.0531,2.6,0.4,2022-09-21 14:27:04.0531,1.2,0.5,1.9401702852721299,1.3838397626980805,1.887260616677451,1.508479334391983
2022-09-21 14:24:43.0537,2.6,0.4,2022-09-21 14:27:04.0537,1.2,0.5,1.9346116519303447,1.3542934351494589,1.8618195479003954,1.4478277908364656
2022-09-21 14:24:43.0543,2.6,0.5,2022-09-21 14:27:04.0543,1.1,0.7,1.9224647728983593,1.322231129560793,1.8289991577644966,1.3834145817918624
2022-09-21 14:24:43.0549,2.5,0.6,2022-09-21 14:27:04.0549,0.8,0.8,1.9037606470042925,1.2879609933461869,1.7888873065677253,1.316450286752036
2022-09-21 14:24:43.0555,2.5,0.6,2022-09-21 14:27:04.0555,0.7,1.0,1.8785249994426805,1.251746460329189,1.7415883956307765,1.248056425952117
2022-09-21 14:24:43.0561,2.5,0.4,2022-09-21 14:27:04.0561,0.7,1.3,1.8467779971923801,1.2137977081516784,1.687233002330877,1.1792410952959853
2022-09-21 14:24:43.0567,2.4,0.2,2022-09-21 14:27:04.0567,1.0,1.5,1.8085370484353278,1.1742645159259701,1.625989572606899,1.1108807701596262
2022-09-21 14:24:43.0573,2.3,0.0,2022-09-21 14:27:04.0573,1.0,1.4,1.763822648388021,1.1332308972887186,1.5580774326282725,1.0437074909514847
2022-09-21 14:24:43.0578,2.2,-0.1,2022-09-21 14:27:04.0578,1.1,1.3,1.7126670501000492,1.0907119863101882,1.4837801020315875,0.9783005478207478
2022-09-21 14:24:43.0584,2.1,-0.4,2022-09-21 14:27:04.0584,1.0,1.0,1.6551253691842758,1.0466537249528578,1.4034577080274075,0.9150819393991894
2022-09-21 14:24:43.0590,2.0,-0.7,2022-09-21 14:27:04.0590,0.7,0.2,1.5912885727024224,1.0009359030415395,1.3175572746739648,0.8543152288571546
2022-09-21 14:24:43.0596,1.8,-0.8,2022-09-21 14:27:04.0596,0.4,-0.3,1.521297651062707,0.9533790177344471,1.2266197996838843,0.7961078478988631
2022-09-21 14:24:43.0602,1.8,-0.9,2022-09-21 14:27:04.0602,0.1,-0.6,1.4453581289638422,0.9037552381144408,1.1312832826435495,0.7404172624708787
2022-09-21 14:24:43.0608,1.8,-0.9,2022-09-21 14:27:04.0608,0.0,-0.6,1.363753941808194,0.8518034752297546,1.0322811551237487,0.6870615708540043
2022-09-21 14:24:43.0614,1.8,-0.8,2022-09-21 14:27:04.0614,-0.1,-0.5,1.2768595973705543,0.7972481834912439,0.9304358140381849,0.6357349708693744
2022-09-21 14:24:43.0620,1.8,-0.7,2022-09-21 14:27:04.0620,-0.1,-0.2,1.1851494802870606,0.7398210999156732,0.8266471456937007,0.5860281305793319
2022-09-21 14:24:43.0626,1.7,-0.5,2022-09-21 14:27:04.0626,-0.2,-0.1,1.0892031715581938,0.679284725017284,0.7218760725489638,0.5374529455647729
2022-09-21 14:24:43.0632,1.6,-0.4,2022-09-21 14:27:04.0632,-0.4,-0.1,0.9897057766908516,0.6154560268813547,0.6171233121024516,0.4894706184034096
2022-09-21 14:24:43.0637,1.3,-0.4,2022-09-21 14:27:04.0637,-0.7,-0.1,0.8874424974685557,0.5482286638352785,0.5134037564581082,0.44152157233667033
2022-09-21 14:24:43.0643,0.9,-0.5,2022-09-21 14:27:04.0643,-1.0,-0.1,0.78328703478384,0.4775920093129085,0.4117171765209359,0.3930554632094051
2022-09-21 14:24:43.0649,0.5,-0.6,2022-09-21 14:27:04.0649,-1.2,0.2,0.6781838430618424,0.403645434313009,0.3130162996439386,0.34355947094430195
2022-09-21 14:24:43.0655,0.2,-0.7,2022-09-21 14:27:04.0655,-1.6,0.4,0.573124721464474,0.3266066348706106,0.21817365297954056,0.29258310201186527
2022-09-21 14:24:43.0661,-0.1,-0.9,2022-09-21 14:27:04.0661,-1.9,0.6,0.4691206671140113,0.24681324005452335,0.12794885881364862,0.23975791101031052
2022-09-21 14:24:43.0667,-0.4,-1.2,2022-09-21 14:27:04.0667,-2.1,0.4,0.36717028849834454,0.16471745560523615,0.042958280967239366,0.18481088507529023
2022-09-21 14:24:43.0673,-0.9,-1.9,2022-09-21 14:27:04.0673,-2.7,-0.2,0.26822636770897973,0.08087405227432305,-0.03635096814579111,0.127570767271973
2022-09-21 14:24:43.0679,-1.6,-2.3,2022-09-21 14:27:04.0679,-3.3,-0.7,0.1731623700634914,-0.004077447376526976,-0.1097206622617799,0.06796731048637787
2022-09-21 14:24:43.0685,-1.9,-2.8,2022-09-21 14:27:04.0685,-3.5,-1.2,0.08274082100951788,-0.08943506220709327,-0.17709290515358098,0.006024251915057098
2022-09-21 14:24:43.0691,-2.2,-3.0,2022-09-21 14:27:04.0691,-3.5,-1.8,-0.002414530583768751,-0.17445949706257277,-0.23861191538275445,-0.05815248074998656
2022-09-21 14:24:43.0697,-2.4,-3.1,2022-09-21 14:27:04.0697,-3.5,-2.1,-0.08184100760643793,-0.2584004244043248,-0.2946152846290527,-0.12438932958049345
2022-09-21 14:24:43.0702,-2.5,-3.1,2022-09-21 14:27:04.0702,-3.2,-2.4,-0.15525234119829973,-0.340522327356073,-0.3456146562773193,-0.19246025956511967
2022-09-21 14:24:43.0708,-2.4,-3.0,2022-09-21 14:27:04.0708,-2.8,-2.4,-0.22254610855732715,-0.4201286325972103,-0.39226669766855143,-0.2621004944158662
2022-09-21 14:24:43.0714,-2.4,-3.1,2022-09-21 14:27:04.0714,-2.5,-2.3,-0.2838028863916572,-0.4965832373432968,-0.43533614029395334,-0.33301728047071244
2022-09-21 14:24:43.0720,-2.4,-3.2,2022-09-21 14:27:04.0720,-2.3,-2.1,-0.3392772996754693,-0.5693288885725468,-0.4756534040170921,-0.40489678338501456
2022-09-21 14:24:43.0726,-2.2,-3.4,2022-09-21 14:27:04.0726,-2.1,-2.0,-0.38938166324555074,-0.637902142176003,-0.5140698011217064,-0.47740696489186096
2022-09-21 14:24:43.0732,-2.2,-3.6,2022-09-21 14:27:04.0732,-1.8,-1.8,-0.43466334148080193,-0.7019448003132058,-0.551413479323571,-0.5501969864858092
2022-09-21 14:24:43.0738,-2.1,-3.6,2022-09-21 14:27:04.0738,-1.8,-1.7,-0.4757772647081922,-0.7612118242925134,-0.588449108021574,-0.6228942403292974
2022-09-21 14:24:43.0744,-2.1,-3.5,2022-09-21 14:27:04.0744,-2.1,-1.6,-0.5134552287253561,-0.8155757897456024,-0.6258438687451903,-0.6951004529025717
2022-09-21 14:24:43.0750,-2.0,-3.5,2022-09-21 14:27:04.0750,-2.4,-1.8,-0.5484736635138526,-0.8650280143359707,-0.6641416257166443,-0.7663884212400144
2022-09-21 14:24:43.0756,-2.1,-3.9,2022-09-21 14:27:04.0756,-3.0,-2.1,-0.5816214962780788,-0.9096765345301396,-0.7037463042724776,-0.8363008340083395
2022-09-21 14:24:43.0761,-2.4,-4.1,2022-09-21 14:27:04.0761,-3.4,-2.2,-0.6136695681095721,-0.9497411100135376,-0.7449146171871042,-0.9043523422265441
2022-09-21 14:24:43.0767,-2.5,-4.2,2022-09-21 14:27:04.0767,-3.6,-2.3,-0.6453428172791955,-0.98554539242456,-0.7877574964826357,-0.9700356511781143
2022-09-21 14:24:43.0773,-2.6,-4.3,2022-09-21 14:27:04.0773,-3.7,-2.4,-0.6772961542806665,-1.0175063547909073,-0.8322490279358125,-1.0328319863075626
2022-09-21 14:24:43.0779,-2.7,-4.3,2022-09-21 14:27:04.0779,-3.8,-2.7,-0.7100946725559285,-1.0461210949944786,-0.8782413946823541,-1.0922258900743094
2022-09-21 14:24:43.0785,-2.7,-4.3,2022-09-21 14:27:04.0785,-3.6,-2.8,-0.7441985991855725,-1.071951219978372,-0.9254842826339417,-1.147723942315859
2022-09-21 14:24:43.0791,-2.8,-4.2,2022-09-21 14:27:04.0791,-3.6,-2.9,-0.7799531965469522,-1.0956051644606437,-0.9736472973703013,-1.1988766609880386
2022-09-21 14:24:43.0797,-2.8,-4.1,2022-09-21 14:27:04.0797,-3.6,-2.9,-0.8175836616881703,-1.1177189589091463,-1.0223440896344362,-1.2453025414976773
2022-09-21 14:24:43.0803,-2.9,-4.2,2022-09-21 14:27:04.0803,-3.9,-3.1,-0.8571949136402698,-1.138936098186766,-1.0711570011978016,-1.2867129392539418
2022-09-21 14:24:43.0809,-3.1,-4.2,2022-09-21 14:27:04.0809,-4.4,-3.4,-0.898775995294033,-1.159887244722849,-1.1196610818679282,-1.322936283985768
2022-09-21 14:24:43.0815,-3.3,-4.1,2022-09-21 14:27:04.0815,-4.6,-3.7,-0.9422086413013263,-1.1811705150713534,-1.1674463107918347,-1.353939926517251
2022-09-21 14:24:43.0820,-3.5,-4.2,2022-09-21 14:27:04.0820,-4.8,-4.0,-0.9872793857642689,-1.203333053162026,-1.2141368587424493,-1.379847776788466
2022-09-21 14:24:43.0826,-3.5,-4.2,2022-09-21 14:27:04.0826,-4.7,-4.2,-1.0336944248942959,-1.2268545023093145,-1.2594063449894042,-1.4009518463056958
2022-09-21 14:24:43.0832,-3.6,-4.2,2022-09-21 14:27:04.0832,-4.6,-4.3,-1.081096332544689,-1.2521328599601091,-1.3029883176524681,-1.4177159155097734
2022-09-21 14:24:43.0838,-4.0,-4.5,2022-09-21 14:27:04.0838,-4.6,-4.7,-1.1290816567529347,-1.279473039008011,-1.3446815880691496,-1.4307698388146268
2022-09-21 14:24:43.0844,-4.6,-4.8,2022-09-21 14:27:04.0844,-4.6,-4.9,-1.1772183943775072,-1.3090782788855553,-1.3843504931358601,-1.440893478404417
2022-09-21 14:24:43.0850,-4.7,-4.8,2022-09-21 14:27:04.0850,-4.5,-4.8,-1.2250623521286923,-1.3410443750671102,-1.421920560725107,-1.4489899118952079
2022-09-21 14:24:43.0856,-4.7,-4.9,2022-09-21 14:27:04.0856,-4.4,-4.4,-1.2721714937112591,-1.375356567931037,-1.4573703651987824,-1.456048381113843
2022-09-21 14:24:43.0862,-4.6,-5.0,2022-09-21 14:27:04.0862,-4.4,-3.7,-1.3181175915023824,-1.4118888867021568,-1.490720570107596,-1.4630984114897556
2022-09-21 14:24:43.0868,-4.5,-4.9,2022-09-21 14:27:04.0868,-4.4,-3.0,-1.3624948478676613,-1.450405784410702,-1.5220212607754535,-1.4711575410626818
2022-09-21 14:24:43.0874,-4.3,-4.9,2022-09-21 14:27:04.0874,-4.4,-2.5,-1.4049255612953888,-1.4905659944426897,-1.5513386678849255,-1.481175988332296
2022-09-21 14:24:43.0880,-4.1,-4.9,2022-09-21 14:27:04.0880,-4.4,-2.2,-1.44506329427833,-1.531928645801308,-1.5787422804797335,-1.4939821694564976
2022-09-21 14:24:43.0885,-4.0,-5.1,2022-09-21 14:27:04.0885,-4.6,-2.3,-1.482594278647124,-1.5739617550978542,-1.604293161943207,-1.5102331117070271
2022-09-21 14:24:43.0891,-4.1,-5.1,2022-09-21 14:27:04.0891,-4.8,-2.4,-1.5172379253875958,-1.6160532444495397,-1.6280340410527965,-1.5303734735182413
2022-09-21 14:24:43.0897,-4.2,-5.1,2022-09-21 14:27:04.0897,-5.1,-2.4,-1.5487472741694797,-1.6575246143522042,-1.6499814845944096,-1.5546061548480905
2022-09-21 14:24:43.0903,-4.4,-5.0,2022-09-21 14:27:04.0903,-5.2,-2.4,-1.576910039832521,-1.6976473453148953,-1.6701202151566896,-1.582876511118509
2022-09-21 14:24:43.0909,-4.4,-4.9,2022-09-21 14:27:04.0909,-5.1,-2.7,-1.6015506373387682,-1.7356620208997913,-1.6883994730730234,-1.6148711080467277
2022-09-21 14:24:43.0915,-4.5,-4.8,2022-09-21 14:27:04.0915,-4.9,-3.1,-1.6225332538305344,-1.7708000419604197,-1.704731270986909,-1.650030858381031
2022-09-21 14:24:43.0921,-4.7,-5.3,2022-09-21 14:27:04.0921,-4.8,-4.0,-1.6397657327609796,-1.8023076050344313,-1.7189904391730284,-1.687577313140734
2022-09-21 14:24:43.0927,-5.3,-5.7,2022-09-21 14:27:04.0927,-5.0,-4.7,-1.653203763356946,-1.8294713293261162,-1.7310164442570695,-1.7265499063871588
2022-09-21 14:24:43.0933,-5.5,-5.9,2022-09-21 14:27:04.0933,-5.1,-5.0,-1.6628546472224814,-1.8516445681861207,-1.740617007715289,-1.7658511920760531
2022-09-21 14:24:43.0939,-5.6,-6.0,2022-09-21 14:27:04.0939,-5.1,-5.1,-1.6687797828132895,-1.8682731205065033,-1.747573522349032,-1.804296702749879
2022-09-21 14:24:43.0944,-5.5,-6.2,2022-09-21 14:27:04.0944,-5.0,-4.9,-1.671095023809791,-1.8789188643714607,-1.751648193803807,-1.840666083097641
2022-09-21 14:24:43.0950,-5.4,-6.3,2022-09-21 14:27:04.0950,-5.1,-4.9,-1.6699682575220944,-1.8832798186796902,-1.752592768790886,-1.8737525673350406
2022-09-21 14:24:43.0956,-5.2,-6.3,2022-09-21 14:27:04.0956,-5.0,-4.7,-1.665613882633894,-1.8812052853711805,-1.7501586718472861,-1.9024085335929337
2022-09-21 14:24:43.0962,-5.0,-6.3,2022-09-21 14:27:04.0962,-4.8,-4.5,-1.6582842659776085,-1.8727049985897746,-1.7441083445094396,-1.9255856097590092
2022-09-21 14:24:43.0968,-4.8,-6.1,2022-09-21 14:27:04.0968,-4.8,-4.2,-1.6482586467522746,-1.8579515752026214,-1.7342275419578528,-1.9423684937076533
2022-09-21 14:24:43.0974,-4.6,-6.0,2022-09-21 14:27:04.0974,-4.8,-3.8,-1.6358302764656765,-1.8372759915550454,-1.7203382722608582,-1.952002209934872
2022-09-21 14:24:43.0980,-4.4,-5.8,2022-09-21 14:27:04.0980,-5.1,-3.9,-1.6212928003433305,-1.8111562637035852,-1.70231194626487,-1.9539129053258046
2022-09-21 14:24:43.0986,-4.2,-5.5,2022-09-21 14:27:04.0986,-5.1,-4.0,-1.6049269852060664,-1.7801999379978093,-1.6800821470735319,-1.947722454498557
2022-09-21 14:24:43.0992,-4.2,-5.2,2022-09-21 14:27:04.0992,-5.1,-4.3,-1.5869888762682212,-1.7451213656639775,-1.6536562687535583,-1.933257100481067
2022-09-21 14:24:43.0998,-4.1,-5.0,2022-09-21 14:27:04.0998,-4.9,-4.6,-1.567700326734419,-1.7067150051146691,-1.6231251734459584,-1.9105501634585782
2022-09-21 14:24:43.1003,-4.1,-5.0,2022-09-21 14:27:04.1003,-4.9,-5.0,-1.5472426063101583,-1.6658261399783787,-1.5886700066280064,-1.879838630080469
2022-09-21 14:24:43.1009,-4.4,-5.2,2022-09-21 14:27:04.1009,-5.1,-5.2,-1.5257534873454677,-1.623320405025343,-1.550565375941282,-1.8415533239679391
2022-09-21 14:24:43.1015,-4.6,-5.2,2022-09-21 14:27:04.1015,-5.3,-4.7,-1.5033278706405424,-1.5800533979768634,-1.5091782040282082,-1.7963024612292524
2022-09-21 14:24:43.1021,-4.4,-5.0,2022-09-21 14:27:04.1021,-5.3,-4.0,-1.4800216967024042,-1.5368414868922935,-1.4649617047201213,-1.7448487572147116
2022-09-21 14:24:43.1027,-4.4,-4.8,2022-09-21 14:27:04.1027,-5.2,-3.5,-1.455858644671664,-1.4944347768367925,-1.4184441459519355,-1.6880808196779211
2022-09-21 14:24:43.1033,-4.3,-4.6,2022-09-21 14:27:04.1033,-4.9,-3.1,-1.4308389802276773,-1.4534931139371843,-1.3702124013461374,-1.6269801808096294
2022-09-21 14:24:43.1039,-4.2,-4.4,2022-09-21 14:27:04.1039,-4.6,-3.0,-1.4049498616588294,-1.4145659568669369,-1.3208907588898287,-1.5625857871048694
2022-09-21 14:24:43.1045,-4.3,-4.3,2022-09-21 14:27:04.1045,-4.1,-2.8,-1.3781764072918343,-1.3780768786054094,-1.2711159897834288,-1.495957949400238
2022-09-21 14:24:43.1051,-4.2,-4.2,2022-09-21 14:27:04.1051,-3.6,-2.7,-1.350512833186813,-1.344313328667483,-1.2215101853751542,-1.4281436468333653
2022-09-21 14:24:43.1057,-4.2,-4.2,2022-09-21 14:27:04.1057,-3.4,-2.6,-1.3219729793584172,-1.31342207280269,-1.1726532424398772,-1.3601447581435862
2022-09-21 14:24:43.1062,-4.2,-4.3,2022-09-21 14:27:04.1062,-3.3,-2.8,-1.2925995657655136,-1.2854104455921977,-1.1250570341794648,-1.2928903601558457
2022-09-21 14:24:43.1068,-4.2,-4.3,2022-09-21 14:27:04.1068,-3.2,-3.0,-1.262471568404394,-1.2601532308541754,-1.0791432073566036,-1.227213765121788
2022-09-21 14:24:43.1074,-4.0,-4.4,2022-09-21 14:27:04.1074,-3.0,-3.0,-1.231709187938164,-1.2374046638766851,-1.0352262176557563,-1.1638345327223667
2022-09-21 14:24:43.1080,-3.9,-4.3,2022-09-21 14:27:04.1080,-2.8,-2.7,-1.2004759991150444,-1.2168147662527486,-0.9935027241349137,-1.1033453583485762
2022-09-21 14:24:43.1086,-3.8,-4.5,2022-09-21 14:27:04.1086,-3.0,-2.6,-1.1689780110447372,-1.197949004029594,-0.9540478766149666,-1.0462035586657583
2022-09-21 14:24:43.1092,-4.0,-4.8,2022-09-21 14:27:04.1092,-3.6,-2.3,-1.1374595186100935,-1.180310111770475,-0.9168183859358178,-0.9927268439018478
2022-09-21 14:24:43.1098,-3.9,-4.8,2022-09-21 14:27:04.1098,-4.1,-2.1,-1.1061957688617237,-1.1633608538846452,-0.8816616070691372,-0.943093118590262
2022-09-21 14:24:43.1104,-3.8,-4.7,2022-09-21 14:27:04.1104,-4.3,-2.1,-1.0754826090029266,-1.1465465186483978,-0.8483292833461944,-0.8973441054753646
2022-09-21 14:24:43.1110,-3.5,-4.5,2022-09-21 14:27:04.1110,-4.2,-2.2,-1.0456234475259603,-1.1293160831843452,-0.8164942397092203,-0.855392585574036
2022-09-21 14:24:43.1116,-3.4,-4.3,2022-09-21 14:27:04.1116,-3.9,-2.3,-1.0169140581501204,-1.111141242487094,-0.7857682851065886,-0.8170329826672005
2022-09-21 14:24:43.1122,-3.3,-4.3,2022-09-21 14:27:04.1122,-3.6,-2.2,-0.9896259657085582,-1.0915328078582665,-0.7557198847704634,-0.7819549297090339
2022-09-21 14:24:43.1127,-3.1,-4.1,2022-09-21 14:27:04.1127,-3.3,-1.8,-0.9639893340695921,-1.0700542760382923,-0.725890669339812,-0.7497593963970248
2022-09-21 14:24:43.1133,-3.0,-4.0,2022-09-21 14:27:04.1133,-3.1,-1.3,-0.9401764006615559,-1.046332599896632,-0.6958103903989014,-0.7199769646868315
2022-09-21 14:24:43.1139,-2.7,-3.9,2022-09-21 14:27:04.1139,-3.0,-1.2,-0.9182865641284367,-1.020066342287545,-0.6650103748543799,-0.6920878789852852
2022-09-21 14:24:43.1145,-2.6,-3.8,2022-09-21 14:27:04.1145,-3.0,-1.4,-0.8983342318827462,-0.9910314740663578,-0.6330358085428387,-0.665543478116217
2022-09-21 14:24:43.1151,-2.3,-3.7,2022-09-21 14:27:04.1151,-2.8,-1.7,-0.8802404658674639,-0.9590850941438359,-0.5994572943762385,-0.6397884540774708
2022-09-21 14:24:43.1157,-2.2,-3.6,2022-09-21 14:27:04.1157,-2.6,-2.1,-0.8638293133086897,-0.9241673114131339,-0.5638821236661262,-0.614283082642693
2022-09-21 14:24:43.1163,-2.2,-3.6,2022-09-21 14:27:04.1163,-2.4,-2.1,-0.8488294615811317,-0.886301444790536,-0.5259656150610318,-0.5885242403031333
2022-09-21 14:24:43.1169,-2.3,-3.8,2022-09-21 14:27:04.1169,-2.4,-2.4,-0.8348815101008518,-0.8455925804669883,-0.4854227309183821,-0.5620638067282202
2022-09-21 14:24:43.1175,-2.7,-3.9,2022-09-21 14:27:04.1175,-2.7,-2.7,-0.8215507254844262,-0.8022243949936098,-0.44203996850435395,-0.5345230549788268
2022-09-21 14:24:43.1181,-2.9,-3.9,2022-09-21 14:27:04.1181,-2.8,-2.5,-0.8083446855561379,-0.7564540468755464,-0.39568724750842144,-0.5056018852664876
2022-09-21 14:24:43.1186,-3.0,-3.8,2022-09-21 14:27:04.1186,-2.8,-2.1,-0.7947347945234257,-0.7086049087860846,-0.34632922554278406,-0.47508224794310017
2022-09-21 14:24:43.1192,-3.0,-3.5,2022-09-21 14:27:04.1192,-2.7,-1.3,-0.7801803398916808,-0.659056994262848,-0.29403525280964504,-0.44282578235711
2022-09-21 14:24:43.1198,-3.1,-3.3,2022-09-21 14:27:04.1198,-2.4,-0.6,-0.764153605574946,-0.6082351216025651,-0.23898708938351423,-0.40876646867717037
2022-09-21 14:24:43.1204,-3.2,-3.1,2022-09-21 14:27:04.1204,-2.4,-0.3,-0.7461645524094802,-0.5565951042687881,-0.18148355372544595,-0.3728997783447821
2022-09-21 14:24:43.1210,-3.2,-2.9,2022-09-21 14:27:04.1210,-2.3,-0.3,-0.7257836947847263,-0.5046084940271583,-0.1219413945110588,-0.335270226833512
2022-09-21 14:24:43.1216,-3.0,-2.8,2022-09-21 14:27:04.1216,-2.4,-0.3,-0.702662010913143,-0.45274657750382974,-0.060891818232562456,-0.29595926773861203
2022-09-21 14:24:43.1222,-2.8,-2.6,2022-09-21 14:27:04.1222,-2.3,-0.4,-0.6765470067322682,-0.40146441779252573,0.0010277623367521578,-0.2550751426613858
2022-09-21 14:24:43.1228,-2.5,-2.5,2022-09-21 14:27:04.1228,-2.2,-0.5,-0.647294385942428,-0.3511857451280402,0.06308705002960126,-0.21274574862926302
2022-09-21 14:24:43.1234,-2.3,-2.3,2022-09-21 14:27:04.1234,-2.1,-0.5,-0.6148751173783656,-0.30228944969673177,0.12448135824466694,-0.16911496160580913
2022-09-21 14:24:43.1240,-2.1,-2.2,2022-09-21 14:27:04.1240,-2.1,-0.5,-0.5793779816312058,-0.25509832830832174,0.18435513251739205,-0.12434227690085971
2022-09-21 14:24:43.1245,-1.9,-2.1,2022-09-21 14:27:04.1245,-1.9,-0.4,-0.5410078795105983,-0.20987059146120196,0.24183005105231836,-0.0786051516343081
2022-09-21 14:24:43.1251,-1.9,-2.1,2022-09-21 14:27:04.1251,-1.6,-0.7,-0.5000802790753741,-0.16679445168865206,0.29603692085717415,-0.03210307170763329
2022-09-21 14:24:43.1257,-2.1,-2.3,2022-09-21 14:27:04.1257,-1.6,-1.1,-0.4570121744918306,-0.12598589624003378,0.34615023325583427,0.014937893155507082
2022-09-21 14:24:43.1263,-2.2,-2.2,2022-09-21 14:27:04.1263,-1.3,-1.3,-0.4123098605577095,-0.08748951894490181,0.3914238971272237,0.062261431038236996
2022-09-21 14:24:43.1269,-2.2,-2.1,2022-09-21 14:27:04.1269,-0.9,-1.2,-0.3665537455333235,-0.051282083929570975,0.43122636306600826,0.109579600772947
2022-09-21 14:24:43.1275,-2.1,-2.1,2022-09-21 14:27:04.1275,-0.5,-0.7,-0.3203803975922033,-0.01727835282946859,0.4650731191931961,0.15657485737443347
2022-09-21 14:24:43.1281,-1.7,-2.1,2022-09-21 14:27:04.1281,0.0,-0.3,-0.2744620939153095,0.014661362388544742,0.49265441765155865,0.20290616081131127
2022-09-21 14:24:43.1287,-1.5,-2.1,2022-09-21 14:27:04.1287,0.1,0.0,-0.22948431639727654,0.04472247347760697,0.5138561377072426,0.24821921700293684
2022-09-21 14:24:43.1293,-1.3,-2.0,2022-09-21 14:27:04.1293,0.0,0.1,-0.18612186609636108,0.07312674812552714,0.5287719699428489,0.292160279370116
2022-09-21 14:24:43.1299,-1.1,-2.1,2022-09-21 14:27:04.1299,-0.3,0.3,-0.14501448145621637,0.10012277902695146,0.5377056400756028,0.3343924546291972
2022-09-21 14:24:43.1305,-0.9,-1.8,2022-09-21 14:27:04.1305,-0.7,0.6,-0.10674299011769108,0.12597668203174292,0.5411626280101035,0.3746131602403875
2022-09-21 14:24:43.1310,-0.7,-1.7,2022-09-21 14:27:04.1310,-0.8,0.9,-0.07180708115769001,0.15096329983421228,0.5398316533688298,0.41257125317155835
2022-09-21 14:24:43.1316,-0.5,-1.6,2022-09-21 14:27:04.1316,-0.8,1.2,-0.040605756554133565,0.17535805999194112,0.5345569460902873,0.44808235704920013
2022-09-21 14:24:43.1322,-0.4,-1.5,2022-09-21 14:27:04.1322,-0.9,1.3,-0.013421413007495348,0.19942952524293453,0.5263028971381436,0.48104105319958296
2022-09-21 14:24:43.1328,-0.4,-1.4,2022-09-21 14:27:04.1328,-0.9,1.3,0.009591680213664515,0.22343260879712445,0.5161130701098032,0.5114288884491346
2022-09-21 14:24:43.1334,-0.5,-1.3,2022-09-21 14:27:04.1334,-1.1,1.0,0.02841399912548145,0.24760242042192254,0.5050657953299199,0.5393175920675923
2022-09-21 14:24:43.1340,-0.6,-1.6,2022-09-21 14:27:04.1340,-1.5,0.3,0.04316227957155377,0.27214875562358304,0.49422872024075115,0.5648674437639989
2022-09-21 14:24:43.1346,-0.9,-1.6,2022-09-21 14:27:04.1346,-1.9,0.2,0.05408605315551551,0.29725132301057944,0.4846147732500541,0.5883212967747035
2022-09-21 14:24:43.1352,-1.0,-1.7,2022-09-21 14:27:04.1352,-2.1,0.2,0.0615596190807334,0.323055891888288,0.4771419806566878,0.60999519838517
2022-09-21 14:24:43.1358,-0.9,-1.6,2022-09-21 14:27:04.1358,-2.0,0.5,0.06607007518356699,0.34967158580682434,0.47259939210028157,0.6302667435537735
2022-09-21 14:24:43.1364,-0.8,-1.4,2022-09-21 14:27:04.1364,-1.9,0.7,0.0682021285706616,0.37716950837824825,0.471620966841177,0.6495622134176734
2022-09-21 14:24:43.1369,-0.7,-1.2,2022-09-21 14:27:04.1369,-1.6,0.9,0.06862039503682199,0.4055827624894664,0.4746686624592012,0.6683432720708838
2022-09-21 14:24:43.1375,-0.6,-1.0,2022-09-21 14:27:04.1375,-1.3,1.1,0.06804981854553288,0.4349077522730704,0.4820252341962811,0.6870936639219882
2022-09-21 14:24:43.1381,-0.7,-0.8,2022-09-21 14:27:04.1381,-1.2,1.3,0.06725475572932005,0.4651064989741109,0.4937965173308269,0.706306089041671
2022-09-21 14:24:43.1387,-0.6,-0.8,2022-09-21 14:27:04.1387,-1.2,1.2,0.06701721767290293,0.49610961078171045,0.5099223316661607,0.726469293621167
2022-09-21 14:24:43.1393,-0.6,-0.7,2022-09-21 14:27:04.1393,-0.9,1.2,0.06811475290857279,0.5278195507853891,0.5301946728683462,0.7480554043414062
2022-09-21 14:24:43.1399,-0.6,-0.7,2022-09-21 14:27:04.1399,-0.8,1.2,0.07129848031887964,0.5601139431560198,0.5542815407993354,0.7715076323234378
2022-09-21 14:24:43.1405,-0.8,-0.8,2022-09-21 14:27:04.1405,-0.7,0.9,0.07727182325584195,0.5928488175619507,0.5817545698217813,0.7972286233365787
2022-09-21 14:24:43.1411,-0.8,-1.0,2022-09-21 14:27:04.1411,-0.5,0.7,0.0866705440614311,0.625861876087901,0.612118545447016,0.8255698740344213
2022-09-21 14:24:43.1417,-0.7,-1.0,2022-09-21 14:27:04.1417,-0.2,0.9,0.10004471446289348,0.6589760322065098,0.6448409083011175,0.8568227091151562
2022-09-21 14:24:43.1423,-0.9,-1.2,2022-09-21 14:27:04.1423,-0.1,1.0,0.11784326013292558,0.692003571996637,0.679379460499768,0.8912112719853369
2022-09-21 14:24:43.1428,-0.9,-1.1,2022-09-21 14:27:04.1428,-0.1,1.3,0.1404016727184772,0.7247512825726258,0.7152067058045478,0.9288878033222123
2022-09-21 14:24:43.1434,-0.9,-0.8,2022-09-21 14:27:04.1434,0.0,1.9,0.1679333873621439,0.7570267601389133,0.7518295790257731,0.9699302053823581
2022-09-21 14:24:43.1440,-0.7,-0.5,2022-09-21 14:27:04.1440,0.1,2.1,0.20052517626238137,0.7886458619853561,0.7888037414280326,1.01434160338897
2022-09-21 14:24:43.1446,-0.5,-0.3,2022-09-21 14:27:04.1446,0.0,2.1,0.23813670631645778,0.8194409538176513,0.8257421036248221,1.0620514228553144
2022-09-21 14:24:43.1452,-0.2,0.0,2022-09-21 14:27:04.1452,-0.2,2.0,0.2806041639003168,0.8492693064761128,0.8623177460306372,1.11291747979618
2022-09-21 14:24:43.1458,0.0,0.1,2022-09-21 14:27:04.1458,-0.5,1.8,0.3276475984936328,0.8780207934226896,0.8982619036379886,1.1667287371263668
2022-09-21 14:24:43.1464,0.2,0.2,2022-09-21 14:27:04.1464,-0.7,1.8,0.3788814251551742,0.9056239775528208,0.9333581192134268,1.2232086398376887
2022-09-21 14:24:43.1470,0.4,0.3,2022-09-21 14:27:04.1470,-0.9,1.8,0.43382738870343746,0.9320497567939625,0.9674339779886234,1.282019185382602
2022-09-21 14:24:43.1476,0.6,0.4,2022-09-21 14:27:04.1476,-0.8,2.0,0.49192924245200226,0.9573119388210337,1.000351948539069,1.342766018648957
2022-09-21 14:24:43.1482,0.7,0.3,2022-09-21 14:27:04.1482,-0.5,2.2,0.5525684247062149,0.9814644018218053,1.0320007353488863,1.4050048301089204
2022-09-21 14:24:43.1487,0.8,0.2,2022-09-21 14:27:04.1487,-0.4,2.6,0.6150801109610907,1.004594837655045,1.062288223479465,1.4682492089327435
2022-09-21 14:24:43.1493,0.9,0.1,2022-09-21 14:27:04.1493,-0.2,2.6,0.678769159650875,1.0268154339851603,1.0911366452241458,1.5319799237789187
2022-09-21 14:24:43.1499,0.9,0.0,2022-09-21 14:27:04.1499,0.0,2.7,0.7429256315622976,1.0482511940256294,1.118480126264207,1.595655441728225
